event_timestamp,advertising_id,advertising_vendor_id,user_id,ad_unit,ad_network,instance_name,country,placement,segment,AB_Testing,revenue,facebook_encrypted_cpm,appKey,date,import_time
2023-12-20 07:58:47,453ac13b-0a42-4285-bf44-25e10cdef52d,,,rewarded_video,Meta,Bidding,KR,defaultrewardedvideo,,A,0.0,ARF7y0oK1eU0-HNZYnvkdUmCnNrOlRWPmMUFJ1zio_l69oWXDm8k__yK4dn89RN6Ggr1FBQyy7eQ1GYH4_OzsaxqLziHOzeDwYpJcG3aPbkJ,19b574ff5,2023-12-20,2023-12-29 17:44:07
2023-12-20 11:14:44,c95adfd8-2eb7-4eec-a4b2-2ccf1893aec3,,,rewarded_video,Meta,Bidding,PH,defaultrewardedvideo,,A,0.00416,ARG40SGYrCun5Y-3fd7CmW_SfvExTnawr1O5G-agOOQGuehO2XpUgZZBxkqz3Ep---FUnMZiXQLYI3TsZJAroCLPWE35hk_Qv8LCKVYJx7H6vUpKyX2U8g,19b574ff5,2023-12-20,2023-12-29 17:44:07
2023-12-20 07:13:40,2874dba6-46e7-4506-9a17-09b83c4aefd6,,,rewarded_video,Meta,Bidding,PH,defaultrewardedvideo,,A,0.00416,ARFeTk55eiostKIc7PQNnMdn18YEjAGGz65Px1JA90oJXsVckxAiaVsgXZaVH8bJ5rCX7OC9kBcrkSfM3uzRimyh0LAVgoY3Uj2zL5o_wA,19b574ff5,2023-12-20,2023-12-29 17:44:07
2023-12-20 20:20:11,6417ad01-f930-40d7-beae-9f14e9d009d2,,,rewarded_video,Meta,Bidding,PH,defaultrewardedvideo,,A,0.00416,ARFAEia_5Sk4BwATR5gmyEsXbX1W34IrOtiM4brZnFFwmMZ_-tN3ZVlvo05MEKl4_mfvVYtdxnXpNTfC1QfDjqC6N7UHVW2EgCSH61wOICzcFN5w4q0,19b574ff5,2023-12-20,2023-12-29 17:44:07
2023-12-20 19:09:24,6417ad01-f930-40d7-beae-9f14e9d009d2,,,rewarded_video,Meta,Bidding,PH,defaultrewardedvideo,,A,0.00416,ARFM2Cw2Wys-4IRr4z8csoOs_wyDsX7E8iwfBWuvVbvwwfshZXUdA6s0Q-22VDs3qki2XIKUy-6dsQkK6xjzQFb0nxBOYrG8OV9kqcjE,19b574ff5,2023-12-20,2023-12-29 17:44:07
2023-12-20 06:50:01,b3a2a123-bbbe-466c-9af5-21857fc5a794,,,rewarded_video,Meta,Bidding,PH,defaultrewardedvideo,,A,0.00416,ARFHW6iDIkIVmVZ4_490vlcSGmNQZE3TM7doo2GAqFqq7gMZ5LLPg2NhlHQZ9qo_H2qDt67J7A0meKE8AZldNWO6ZJG5hVumYxnJWhuDGUg,19b574ff5,2023-12-20,2023-12-29 17:44:07
2023-12-20 02:17:45,a8aa59d8-19a4-4305-9c93-35e5eb4e1ffe,,,rewarded_video,Meta,Bidding,PH,defaultrewardedvideo,,A,0.00416,ARFy9nRvxreUG_Z6YXx0owK_tkuEsrHSEjEXuEwmBMp7gR9iLQ7H38KUvEZ2TQWYYKX8hjBohiTOYvOPbAQ_wdwBeJFI_BkG3UzDRhrV,19b574ff5,2023-12-20,2023-12-29 17:44:07
2023-12-20 20:18:31,6417ad01-f930-40d7-beae-9f14e9d009d2,,,rewarded_video,Meta,Bidding,PH,defaultrewardedvideo,,A,0.00416,AREgEorhRc1YEITC0YYY3iSy55h8fEGI6He1RUrpsxsvWe60OGpdkAbQkmRkOslcM_TMj_5FC3rlUeX-71vPFDJG-DsY_NdGRE3blXEH,19b574ff5,2023-12-20,2023-12-29 17:44:07
2023-12-20 11:03:42,2874dba6-46e7-4506-9a17-09b83c4aefd6,,,rewarded_video,Meta,Bidding,PH,defaultrewardedvideo,,A,0.00416,ARFYj1hXZowCpkOVV_S8yaudkrWlQqG2ciZZdYhOU-jQoZiCFcYhmTdhbn_aXqVII812PdiPLN3ox69cNMXAC0kLxL7nyDEIzT4y1XIjMkc,19b574ff5,2023-12-20,2023-12-29 17:44:07
2023-12-20 13:00:20,8cb02e80-c79c-4aa2-8992-edae001641ed,,,rewarded_video,Meta,Bidding,PH,defaultrewardedvideo,,A,0.00416,ARE88Cbaw45UR-L5Y3tA404ebvg9-A_frnWtINM-i3dvpoPyEnGbn1uYdkdxomvx1xL5VaiLfK2KXIKczhXwIiYOq0Ua-63xuFIR3hWT9CY,19b574ff5,2023-12-20,2023-12-29 17:44:07
2023-12-20 12:01:03,8f5242f5-3bac-4e79-bad0-89ae396aa8e3,,,rewarded_video,Meta,Bidding,US,defaultrewardedvideo,,A,0.0,ARGSEJF5pLBSfVD3tQrKe5kmB4YwcQeP_vp2IwHElNVKsNzFtBp8tu8TmySViiOHuNmicOG74h8XKwWaOtNJPQYu7uz-PxIv-b_DVeYZF-TE,19b574ff5,2023-12-20,2023-12-29 17:44:07
2023-12-20 19:06:13,e85c1189-a239-4616-92c8-ff2664ab3527,,,rewarded_video,Meta,Bidding,US,defaultrewardedvideo,,A,0.0,ARE3fZBgQmeT8Rtf45HuEU94uDdkLap9BfN_tKPEccDSoz7IQgOAKbiTEDU0GUlbpCQJqxbcgnZtfB05gDNu4TN0YWTjOpCDX4lXdGrxKWgB,19b574ff5,2023-12-20,2023-12-29 17:44:07
2023-12-20 10:02:19,34c4f63a-3d98-47bd-8ee8-a18798f9b2a2,,,rewarded_video,Meta,Bidding,US,defaultrewardedvideo,,A,0.0,ARHgLjN54QpAsrdV5meX42SYNPunqGJdzgmXUzhNZjV7rrrlLyPCbiu_bV3gWrMImcyDyrTcs3bcHAf8Q4L1Zccvm3SD3A1B2X3oQRul-g,19b574ff5,2023-12-20,2023-12-29 17:44:07
2023-12-20 05:27:36,18420384-1ad0-4265-892b-a8ac14d497a1,,,rewarded_video,Meta,Bidding,VN,defaultrewardedvideo,,A,0.00973,ARGY48TX7IRNoLgfZG48WS63zbNW112eS0c_zBn0eSL7uNlsYCTCjMTSrXq-HybhIVRt2v1pGOkusZ3drZwQxvUFePl5AlbYRzqo6sqD-7K0EBQyqmXZ,19b574ff5,2023-12-20,2023-12-29 17:44:07
2023-12-20 12:09:44,88d178fc-1ecc-4111-923d-697c4ec2daed,,,rewarded_video,Meta,Bidding,VN,defaultrewardedvideo,,A,0.00973,ARE2Z4rYhGzfdHIylgBmJaaaFNwOoi81SbIjaWYfY-VMqZ8sW2rmzhJ465cPFs6yIkSs3bqrndeLz-HDkZIyEH1fCGp3RA3VQgD0FwEdHqI,19b574ff5,2023-12-20,2023-12-29 17:44:07
2023-12-20 15:47:14,5163bb7d-95be-42e1-94b4-b046ffdfe0bc,,,rewarded_video,Meta,Bidding,VN,defaultrewardedvideo,,A,0.00973,ARH0dzEA7zru4q9IYq8E_jbjFEoif76EzoSnmLFDJ4eJRxqGCd6QjZHkP33zyBx5XqWgUQt7-ExFhMs_rq1tI9cs8rLm9De2dO6ODqCASSk,19b574ff5,2023-12-20,2023-12-29 17:44:07
2023-12-20 11:42:55,993917bb-11e8-4154-a457-f7b6429bc183,,,rewarded_video,Meta,Bidding,VN,defaultrewardedvideo,,A,0.00973,ARG-r-vOdN7QZmgsxu6GNs-tY_GdToezQbBzeC3g6Jd2MT1AA8eH66oXqSbYWwbwLlyhBlLylkHNsNiQqPNZAsHk-LkmxGUKsjh3ESi6hPTe30JyWGmjUw,19b574ff5,2023-12-20,2023-12-29 17:44:07
2023-12-20 05:33:28,18420384-1ad0-4265-892b-a8ac14d497a1,,,rewarded_video,Meta,Bidding,VN,defaultrewardedvideo,,A,0.00973,ARElvoNJvWYs2SEtIWUGXe5abSRwCtH_o3VgyTY0oOOctzZrynbs_mWaYRHn-Wn0QYmDMjR5vdLMLQ-2HvLVA86aaayyKtxc0qhctrleovNj-RG_d5Lq,19b574ff5,2023-12-20,2023-12-29 17:44:07
2023-12-20 07:56:35,9be49b37-c928-43ea-9583-a5981fc70d0c,,,rewarded_video,Meta,Bidding,VN,defaultrewardedvideo,,A,0.00973,ARFC32r1KWROqI3_SeYYqTgy9BotNdljJtmqrT6NLdMoq1C3fzXGNRi5bNibm-93HNYyPyOELYh3uowH8DwJabgGLTBogdHQaNapMGUWubRTRmxGElDM,19b574ff5,2023-12-20,2023-12-29 17:44:07
2023-12-20 10:58:26,18420384-1ad0-4265-892b-a8ac14d497a1,,,rewarded_video,Meta,Bidding,VN,defaultrewardedvideo,,A,0.00973,ARH_ZcFtdD2jBqZPoII0C40iaOXQQI-veCkvJGoOPMqfECgrS2WquZKTanNAy6GRLTU7y543piTV_1iTJyLlwEtQGC5QN7O3Ne-yAAt2fiqDMsVovrzs4w,19b574ff5,2023-12-20,2023-12-29 17:44:07
2023-12-20 05:24:57,18420384-1ad0-4265-892b-a8ac14d497a1,,,rewarded_video,Meta,Bidding,VN,defaultrewardedvideo,,A,0.00973,ARE1pXdOUoTUW3_GHd72D4wWvYMRVldWlI4vor3zZFjawpDT66eZnrbZaz5vLv2xTKZGKnMiVoIQwP2DcDk5yaXfYs2q8zOeCm19Istq,19b574ff5,2023-12-20,2023-12-29 17:44:07
2023-12-20 11:08:24,18420384-1ad0-4265-892b-a8ac14d497a1,,,rewarded_video,Meta,Bidding,VN,defaultrewardedvideo,,A,0.00973,ARFi8VynHbYwYdyUYHEJCCFRFkxqTjpZV2jPSg5M2tsIYDKUo5CdoZc3DlDPzf3HU8MeO5SEyS2XfpVG2rF81A2k9DKqNTltGm2n5RkFyKmHwl9IVpuXiA,19b574ff5,2023-12-20,2023-12-29 17:44:07
2023-12-20 05:32:38,18420384-1ad0-4265-892b-a8ac14d497a1,,,rewarded_video,Meta,Bidding,VN,defaultrewardedvideo,,A,0.00973,ARFYQ3mDzVC5DUfVBSLbt5Rq5SzUL1sshhI7nah67USlbeiTvpmLW4B1_rXsRHA9Ff7qNDtQijnRSOodskPNF0RED62f3ohlT5QmcgIh,19b574ff5,2023-12-20,2023-12-29 17:44:07
2023-12-20 13:08:40,5163bb7d-95be-42e1-94b4-b046ffdfe0bc,,,rewarded_video,Meta,Bidding,VN,defaultrewardedvideo,,A,0.00973,ARGSGyn2jl9jo4mbZFVR9_xSgv5U1wG7lg9AItbUr8E3lA5MOkKOqzHDMz6QCUqWMbkALDGMsmC5b85JITxbNy-my4u5RT3I6rO8KsAScF7MuWCGpL4eWg,19b574ff5,2023-12-20,2023-12-29 17:44:07
2023-12-20 07:58:13,9be49b37-c928-43ea-9583-a5981fc70d0c,,,rewarded_video,Meta,Bidding,VN,defaultrewardedvideo,,A,0.00973,ARGZCKshuZeifipJax1I3N9AfTbgz-jP7S-yHEPNW9N7Ie0L-cozRRMbkCXcomWlMp8ExQxw3IoLPlwz91RpKq9FqFIm0PIxgkYP369g,19b574ff5,2023-12-20,2023-12-29 17:44:07
2023-12-20 09:44:51,0bb517f1-93c9-4c27-b7bc-297ef60be87a,,,rewarded_video,Meta,Bidding,VN,defaultrewardedvideo,,A,0.00973,AREEi5b7qudHe2xUAJuiUB8v7UteAzY-7sXt4age7uKNZeE5TojGdcYJrMPMgAdoypiLeC6tY_SVu7TIWqXhbCPK4GhH_o6tAlm6Yg,19b574ff5,2023-12-20,2023-12-29 17:44:07
2023-12-20 15:02:45,7599b4a5-2a7a-4ec5-9af5-1eccef11e969,,,rewarded_video,Meta,Bidding,VN,defaultrewardedvideo,,A,0.00973,ARF3xr2Npu7mFbiOzygEn0-UB-Nh6-pBsxFwG-Tvcy6WtcbCXsAocJdE6hnP608gvbDtnAMn0wFspdUh-LrxvxLQ0Irmw-VM1u64LSI3yg,19b574ff5,2023-12-20,2023-12-29 17:44:07
2023-12-20 15:47:51,5163bb7d-95be-42e1-94b4-b046ffdfe0bc,,,rewarded_video,Meta,Bidding,VN,defaultrewardedvideo,,A,0.00973,ARFhHC44N-s24W5C21YZ4u5pbk9OdvrBFRX8HCPQtFqQyQDDmyCwArPsZpJDTx56B30u6Q_FwE4hcohk2xr2BtuJsKSFqMRx9g9kpgjpbFUlhLVpSQ6w,19b574ff5,2023-12-20,2023-12-29 17:44:07
2023-12-20 05:30:52,18420384-1ad0-4265-892b-a8ac14d497a1,,,rewarded_video,Meta,Bidding,VN,defaultrewardedvideo,,A,0.00973,AREdPPOoqL_5Icn5TOBBwjYAk93yg0I960cA1YWpv8QFDPR6B57o9T1Oqx3-4feqNudn-MNDCEKQxBqaDWTtoQ4gqMaCA0QCl3SoaU6Ylbmm4ugPrawSrQ,19b574ff5,2023-12-20,2023-12-29 17:44:07
2023-12-20 10:48:04,18420384-1ad0-4265-892b-a8ac14d497a1,,,rewarded_video,Meta,Bidding,VN,defaultrewardedvideo,,A,0.00973,AREwGJ68SHQS1NY2xR1kV3JoULId6nnkIRUCMPB9vfwqE9-JmLj07FZ2xoYcReXqIn62_2YkjtkKL0v2wj3y72hBLhB22jy-_edHvZ-RyvTgOUUZGykHDg,19b574ff5,2023-12-20,2023-12-29 17:44:07
2023-12-20 12:23:58,5e3ea169-a0c0-4566-a5fc-5ec1656c9a68,,,rewarded_video,Meta,Bidding,VN,defaultrewardedvideo,,A,0.00973,ARE0tLVc3uNjF5pwYl6Zbn4gQNCZSl2gvDguOxDHGYo6EE81fpc2rTpudzlJqgDShEP2ULPaLTb26r744Nu2Q1GFZ3UmVOMZWTIiGkWP,19b574ff5,2023-12-20,2023-12-29 17:44:07
2023-12-20 07:55:33,9be49b37-c928-43ea-9583-a5981fc70d0c,,,rewarded_video,Meta,Bidding,VN,defaultrewardedvideo,,A,0.00973,ARH4VeQ9u11AOX4DOXLMJP2P0ylF-dyOJEF4Re3OW5Ng6CXK4ekYh-zu8J02E-zz-MUybUzvlXcaCPJPCc2jEAdoeprQM83irXPmNBYgdg,19b574ff5,2023-12-20,2023-12-29 17:44:07
2023-12-20 07:51:16,9be49b37-c928-43ea-9583-a5981fc70d0c,,,rewarded_video,Meta,Bidding,VN,defaultrewardedvideo,,A,0.00973,ARF2W0ll1jVaDUHZMru5EqA9Ookg6N774FgZ0rsDij2rCWxCnIMhrLQCYZPFDzhnCkRl4rfUjoKdggGXX5NGVl8fRMRm0ySU6JS4hr9hMYk,19b574ff5,2023-12-20,2023-12-29 17:44:07
2023-12-20 15:01:43,7599b4a5-2a7a-4ec5-9af5-1eccef11e969,,,rewarded_video,Meta,Bidding,VN,defaultrewardedvideo,,A,0.00973,ARFcnO-Ysaf52nX_s5SVAA0xuUjLkaSSzv67G8aqUzF3Wl0HV4mrIK6wrRZaKjqr4NeO-Woc5ckiJOc0v4tztlIxRg-GNESNz-D8nUJVnA,19b574ff5,2023-12-20,2023-12-29 17:44:07
2023-12-20 15:03:50,7599b4a5-2a7a-4ec5-9af5-1eccef11e969,,,rewarded_video,Meta,Bidding,VN,defaultrewardedvideo,,A,0.00973,ARECrJrBDcZ6jjTtoFR2SnFQwrzt_PYKGHLqGVWK5g2_1jq7pw4LkuJic5_QABKPInDFkiYsEfDgmfHsbdkdSkh_12svdT3YOlXV1zdfbQ,19b574ff5,2023-12-20,2023-12-29 17:44:07
2023-12-20 07:40:25,cea2da8a-e301-4d70-9e57-d4e9e3ae44f9,,,rewarded_video,Meta,Bidding,ID,defaultrewardedvideo,,A,0.0,AREtKhSRmaCt9durrdLxi6QqRYz_BIaXrlGmkdQFfmGHbsKo4mZRkOdJ281r0_ja-H9JnTok5MH18_bqjk3PANXL_hkcEIn_47Blan73rvlv7FWnQcQgiw,19b574ff5,2023-12-20,2023-12-29 17:44:07
2023-12-20 07:39:23,cea2da8a-e301-4d70-9e57-d4e9e3ae44f9,,,rewarded_video,Meta,Bidding,ID,defaultrewardedvideo,,A,0.0,AREPdsFl0msbRVIZiPPNUZTscd_gJc8HWhjHP69SvCmr9bsHSH2uAybieNQq3HEPnovhbyfUNkQtnFUWhywCyMWlKupmavFm6YHwsihNgyA,19b574ff5,2023-12-20,2023-12-29 17:44:07
2023-12-20 06:12:59,cea2da8a-e301-4d70-9e57-d4e9e3ae44f9,,,rewarded_video,Meta,Bidding,ID,defaultrewardedvideo,,A,0.0,ARF-U3Uz700pfjfLAd1urK3R3lP2kE2297mKSCbOCam-pak2gMryYo7vDUZkVGMmMFzBfMUUNtcSqo4Pq4boS3bpfKooMhvnxIHk_60Y,19b574ff5,2023-12-20,2023-12-29 17:44:07
2023-12-20 15:29:41,5479ebf6-d68e-4f67-a3c1-dbbca7373431,,,rewarded_video,admob,Bidding,KH,defaultrewardedvideo,,A,0.00654,,19b574ff5,2023-12-20,2023-12-29 17:44:07
2023-12-20 23:17:59,0ab76ef1-7408-4cbd-9c73-c2f69ca3d070,,,rewarded_video,admob,Bidding,ID,defaultrewardedvideo,,A,0.004407,,19b574ff5,2023-12-20,2023-12-29 17:44:07
2023-12-20 08:17:54,e4429ec5-de34-4b68-a050-95806b17d094,,,rewarded_video,admob,Bidding,EG,defaultrewardedvideo,,A,0.000579,,19b574ff5,2023-12-20,2023-12-29 17:44:07
2023-12-20 13:06:20,8c8d1aaf-b3f5-4dad-b4c0-2b5ee43121fd,,,rewarded_video,admob,Bidding,PH,defaultrewardedvideo,,A,0.005637,,19b574ff5,2023-12-20,2023-12-29 17:44:07
2023-12-20 23:07:53,8c8d1aaf-b3f5-4dad-b4c0-2b5ee43121fd,,,rewarded_video,admob,Bidding,PH,defaultrewardedvideo,,A,0.008182,,19b574ff5,2023-12-20,2023-12-29 17:44:07
2023-12-20 01:02:28,a7f84619-c43b-4623-aedf-883242bdd483,,,rewarded_video,admob,Bidding,FR,defaultrewardedvideo,,A,0.29285,,19b574ff5,2023-12-20,2023-12-29 17:44:07
2023-12-20 01:37:27,74442be3-6f79-4a9c-b52c-982207ad2889,,,rewarded_video,admob,Bidding,KR,defaultrewardedvideo,,A,0.006412,,19b574ff5,2023-12-20,2023-12-29 17:44:07
2023-12-20 02:39:53,9a89c1cc-d73d-47e8-9d7b-84f8d6ee197a,,,rewarded_video,admob,Bidding,US,defaultrewardedvideo,,A,0.013854,,19b574ff5,2023-12-20,2023-12-29 17:44:07
2023-12-20 02:39:00,9a89c1cc-d73d-47e8-9d7b-84f8d6ee197a,,,rewarded_video,admob,Bidding,US,defaultrewardedvideo,,A,0.021169,,19b574ff5,2023-12-20,2023-12-29 17:44:07
2023-12-20 18:40:18,6417ad01-f930-40d7-beae-9f14e9d009d2,,,rewarded_video,admob,Bidding,PH,defaultrewardedvideo,,A,0.003364,,19b574ff5,2023-12-20,2023-12-29 17:44:07
2023-12-20 05:26:04,18420384-1ad0-4265-892b-a8ac14d497a1,,,rewarded_video,admob,Bidding,VN,defaultrewardedvideo,,A,0.003362,,19b574ff5,2023-12-20,2023-12-29 17:44:07
2023-12-20 01:47:50,74442be3-6f79-4a9c-b52c-982207ad2889,,,rewarded_video,admob,Bidding,KR,defaultrewardedvideo,,A,0.003706,,19b574ff5,2023-12-20,2023-12-29 17:44:07
2023-12-20 16:43:43,8c8d1aaf-b3f5-4dad-b4c0-2b5ee43121fd,,,rewarded_video,admob,Bidding,PH,defaultrewardedvideo,,A,0.004894,,19b574ff5,2023-12-20,2023-12-29 17:44:07
2023-12-20 12:39:23,2424823b-c7ff-4c22-b421-3f80a1a2863a,,,rewarded_video,admob,Bidding,VN,defaultrewardedvideo,,A,0.001998,,19b574ff5,2023-12-20,2023-12-29 17:44:07
2023-12-20 12:31:27,c1e67d06-0951-4cfd-80a1-4506bb34b45b,,,rewarded_video,admob,Bidding,PH,defaultrewardedvideo,,A,0.001545,,19b574ff5,2023-12-20,2023-12-29 17:44:07
2023-12-20 06:50:13,6945cc7c-505d-4c63-8148-a2171af428ae,,,rewarded_video,admob,Bidding,US,defaultrewardedvideo,,A,0.043091,,19b574ff5,2023-12-20,2023-12-29 17:44:07
2023-12-20 02:07:43,9a89c1cc-d73d-47e8-9d7b-84f8d6ee197a,,,rewarded_video,admob,Bidding,US,defaultrewardedvideo,,A,0.017643,,19b574ff5,2023-12-20,2023-12-29 17:44:07
2023-12-20 05:29:41,18420384-1ad0-4265-892b-a8ac14d497a1,,,rewarded_video,admob,Bidding,VN,defaultrewardedvideo,,A,0.002077,,19b574ff5,2023-12-20,2023-12-29 17:44:07
2023-12-20 01:56:06,74442be3-6f79-4a9c-b52c-982207ad2889,,,rewarded_video,admob,Bidding,KR,defaultrewardedvideo,,A,0.00352,,19b574ff5,2023-12-20,2023-12-29 17:44:07
2023-12-20 13:39:51,439ea6f1-206a-415e-8bbe-0daa502d74a1,,,rewarded_video,admob,Bidding,TH,defaultrewardedvideo,,A,0.001788,,19b574ff5,2023-12-20,2023-12-29 17:44:07
2023-12-20 03:44:36,31c23c4a-12b6-49df-aa05-d504144da73d,,,rewarded_video,admob,Bidding,MX,defaultrewardedvideo,,A,0.003115,,19b574ff5,2023-12-20,2023-12-29 17:44:07
2023-12-20 01:29:07,74442be3-6f79-4a9c-b52c-982207ad2889,,,rewarded_video,admob,Bidding,KR,defaultrewardedvideo,,A,0.006218,,19b574ff5,2023-12-20,2023-12-29 17:44:07
2023-12-20 14:58:10,b8c7251a-fe61-45cd-8b58-c01ffea6cc4f,,,rewarded_video,admob,Bidding,US,defaultrewardedvideo,,A,0.024974,,19b574ff5,2023-12-20,2023-12-29 17:44:07
2023-12-20 18:39:36,6417ad01-f930-40d7-beae-9f14e9d009d2,,,rewarded_video,admob,Bidding,PH,defaultrewardedvideo,,A,0.003045,,19b574ff5,2023-12-20,2023-12-29 17:44:07
2023-12-20 13:18:35,8c8d1aaf-b3f5-4dad-b4c0-2b5ee43121fd,,,rewarded_video,admob,Bidding,PH,defaultrewardedvideo,,A,0.005047,,19b574ff5,2023-12-20,2023-12-29 17:44:07
2023-12-20 04:16:00,a5407881-1cef-4ba8-80e2-ca19f666708e,,,rewarded_video,admob,Bidding,TW,defaultrewardedvideo,,A,0.030246,,19b574ff5,2023-12-20,2023-12-29 17:44:07
2023-12-20 02:59:38,c0ab35cf-1ee2-465a-95e2-67d5351390d8,,,rewarded_video,admob,Bidding,KR,defaultrewardedvideo,,A,0.077741,,19b574ff5,2023-12-20,2023-12-29 17:44:07
2023-12-20 12:17:38,88d178fc-1ecc-4111-923d-697c4ec2daed,,,rewarded_video,admob,Bidding,VN,defaultrewardedvideo,,A,0.003585,,19b574ff5,2023-12-20,2023-12-29 17:44:07
2023-12-20 04:18:07,a5407881-1cef-4ba8-80e2-ca19f666708e,,,rewarded_video,admob,Bidding,TW,defaultrewardedvideo,,A,0.032968,,19b574ff5,2023-12-20,2023-12-29 17:44:07
2023-12-20 08:57:17,75145f18-3798-4339-b2e8-d8b2a1494ea7,,,rewarded_video,admob,Bidding,VN,defaultrewardedvideo,,A,0.001844,,19b574ff5,2023-12-20,2023-12-29 17:44:07
2023-12-20 01:41:01,ede7c15c-130d-477f-8276-a5ce24f5894c,,,rewarded_video,admob,Bidding,PH,defaultrewardedvideo,,A,0.015231,,19b574ff5,2023-12-20,2023-12-29 17:44:07
2023-12-20 13:04:05,8c8d1aaf-b3f5-4dad-b4c0-2b5ee43121fd,,,rewarded_video,admob,Bidding,PH,defaultrewardedvideo,,A,0.01661,,19b574ff5,2023-12-20,2023-12-29 17:44:07
2023-12-20 00:59:10,9a89c1cc-d73d-47e8-9d7b-84f8d6ee197a,,,rewarded_video,admob,Bidding,US,defaultrewardedvideo,,A,0.017386,,19b574ff5,2023-12-20,2023-12-29 17:44:07
2023-12-20 13:40:25,439ea6f1-206a-415e-8bbe-0daa502d74a1,,,rewarded_video,admob,Bidding,TH,defaultrewardedvideo,,A,0.001454,,19b574ff5,2023-12-20,2023-12-29 17:44:07
2023-12-20 10:49:01,ede7c15c-130d-477f-8276-a5ce24f5894c,,,rewarded_video,admob,Bidding,PH,defaultrewardedvideo,,A,0.014477,,19b574ff5,2023-12-20,2023-12-29 17:44:07
2023-12-20 13:38:12,439ea6f1-206a-415e-8bbe-0daa502d74a1,,,rewarded_video,admob,Bidding,TH,defaultrewardedvideo,,A,0.001691,,19b574ff5,2023-12-20,2023-12-29 17:44:07
2023-12-20 12:09:46,f5e3634d-0f04-45b0-b2c8-b3a9239de2ab,,,rewarded_video,admob,Bidding,VN,defaultrewardedvideo,,A,0.001035,,19b574ff5,2023-12-20,2023-12-29 17:44:07
2023-12-20 16:27:06,2424823b-c7ff-4c22-b421-3f80a1a2863a,,,rewarded_video,admob,Bidding,VN,defaultrewardedvideo,,A,0.001248,,19b574ff5,2023-12-20,2023-12-29 17:44:07
2023-12-20 14:59:50,a08ae09f-032b-4e5b-9f81-3b9e282f0c47,,,rewarded_video,admob,Bidding,TH,defaultrewardedvideo,,A,0.008105,,19b574ff5,2023-12-20,2023-12-29 17:44:07
2023-12-20 19:21:42,6417ad01-f930-40d7-beae-9f14e9d009d2,,,rewarded_video,admob,Bidding,PH,defaultrewardedvideo,,A,0.002142,,19b574ff5,2023-12-20,2023-12-29 17:44:07
2023-12-20 01:11:54,a7f84619-c43b-4623-aedf-883242bdd483,,,rewarded_video,admob,Bidding,FR,defaultrewardedvideo,,A,0.16652,,19b574ff5,2023-12-20,2023-12-29 17:44:07
2023-12-20 01:30:23,74442be3-6f79-4a9c-b52c-982207ad2889,,,rewarded_video,admob,Bidding,KR,defaultrewardedvideo,,A,0.00497,,19b574ff5,2023-12-20,2023-12-29 17:44:07
2023-12-20 07:51:54,9be49b37-c928-43ea-9583-a5981fc70d0c,,,rewarded_video,admob,Bidding,VN,defaultrewardedvideo,,A,0.002645,,19b574ff5,2023-12-20,2023-12-29 17:44:07
2023-12-20 12:01:42,8f5242f5-3bac-4e79-bad0-89ae396aa8e3,,,rewarded_video,admob,Bidding,US,defaultrewardedvideo,,A,0.647619,,19b574ff5,2023-12-20,2023-12-29 17:44:07
2023-12-20 05:28:16,18420384-1ad0-4265-892b-a8ac14d497a1,,,rewarded_video,admob,Bidding,VN,defaultrewardedvideo,,A,0.002532,,19b574ff5,2023-12-20,2023-12-29 17:44:07
2023-12-20 12:30:19,c1e67d06-0951-4cfd-80a1-4506bb34b45b,,,rewarded_video,admob,Bidding,PH,defaultrewardedvideo,,A,0.002394,,19b574ff5,2023-12-20,2023-12-29 17:44:07
2023-12-20 05:03:09,ad9d401f-a06a-4913-b14e-dc7da20ee453,,,rewarded_video,admob,Bidding,PH,defaultrewardedvideo,,A,0.009248,,19b574ff5,2023-12-20,2023-12-29 17:44:07
2023-12-20 02:25:29,bbf8a5a8-9071-4109-84e3-6d262585ede3,,,rewarded_video,admob,Bidding,VN,defaultrewardedvideo,,A,0.006893,,19b574ff5,2023-12-20,2023-12-29 17:44:07
2023-12-20 02:44:31,bbf8a5a8-9071-4109-84e3-6d262585ede3,,,rewarded_video,admob,Bidding,VN,defaultrewardedvideo,,A,0.004491,,19b574ff5,2023-12-20,2023-12-29 17:44:07
2023-12-20 18:01:13,00000000-0000-0000-0000-000000000000,,,rewarded_video,admob,Bidding,VN,defaultrewardedvideo,,A,0.004477,,19b574ff5,2023-12-20,2023-12-29 17:44:07
2023-12-20 12:46:57,2424823b-c7ff-4c22-b421-3f80a1a2863a,,,rewarded_video,admob,Bidding,VN,defaultrewardedvideo,,A,0.002516,,19b574ff5,2023-12-20,2023-12-29 17:44:07
2023-12-20 01:49:08,74442be3-6f79-4a9c-b52c-982207ad2889,,,rewarded_video,admob,Bidding,KR,defaultrewardedvideo,,A,0.004214,,19b574ff5,2023-12-20,2023-12-29 17:44:07
2023-12-20 01:43:50,74442be3-6f79-4a9c-b52c-982207ad2889,,,rewarded_video,admob,Bidding,KR,defaultrewardedvideo,,A,0.003649,,19b574ff5,2023-12-20,2023-12-29 17:44:07
2023-12-20 02:08:29,9a89c1cc-d73d-47e8-9d7b-84f8d6ee197a,,,rewarded_video,admob,Bidding,US,defaultrewardedvideo,,A,0.015419,,19b574ff5,2023-12-20,2023-12-29 17:44:07
2023-12-20 11:50:56,8c8d1aaf-b3f5-4dad-b4c0-2b5ee43121fd,,,rewarded_video,admob,Bidding,PH,defaultrewardedvideo,,A,0.007447,,19b574ff5,2023-12-20,2023-12-29 17:44:07
2023-12-20 08:18:50,e4429ec5-de34-4b68-a050-95806b17d094,,,rewarded_video,admob,Bidding,EG,defaultrewardedvideo,,A,0.000574,,19b574ff5,2023-12-20,2023-12-29 17:44:07
2023-12-20 15:25:59,5479ebf6-d68e-4f67-a3c1-dbbca7373431,,,rewarded_video,admob,Bidding,KH,defaultrewardedvideo,,A,0.010607,,19b574ff5,2023-12-20,2023-12-29 17:44:07
2023-12-20 07:41:57,23aa8007-e262-44fd-b362-4e22e6d9cfe4,,,rewarded_video,admob,Bidding,ID,defaultrewardedvideo,,A,0.022772,,19b574ff5,2023-12-20,2023-12-29 17:44:07
2023-12-20 12:56:54,8c8d1aaf-b3f5-4dad-b4c0-2b5ee43121fd,,,rewarded_video,admob,Bidding,PH,defaultrewardedvideo,,A,0.009202,,19b574ff5,2023-12-20,2023-12-29 17:44:07
2023-12-20 11:51:38,8c8d1aaf-b3f5-4dad-b4c0-2b5ee43121fd,,,rewarded_video,admob,Bidding,PH,defaultrewardedvideo,,A,0.003888,,19b574ff5,2023-12-20,2023-12-29 17:44:07
2023-12-20 15:54:44,54ef1270-c963-44bf-b120-6c27bb0929fa,,,rewarded_video,admob,Bidding,BO,defaultrewardedvideo,,A,0.000583,,19b574ff5,2023-12-20,2023-12-29 17:44:07
2023-12-20 03:04:46,ede7c15c-130d-477f-8276-a5ce24f5894c,,,rewarded_video,admob,Bidding,PH,defaultrewardedvideo,,A,0.013133,,19b574ff5,2023-12-20,2023-12-29 17:44:07
2023-12-20 01:03:14,a7f84619-c43b-4623-aedf-883242bdd483,,,rewarded_video,admob,Bidding,FR,defaultrewardedvideo,,A,0.196433,,19b574ff5,2023-12-20,2023-12-29 17:44:07
2023-12-20 02:38:15,9a89c1cc-d73d-47e8-9d7b-84f8d6ee197a,,,rewarded_video,admob,Bidding,US,defaultrewardedvideo,,A,0.025875,,19b574ff5,2023-12-20,2023-12-29 17:44:07
2023-12-20 22:27:42,74442be3-6f79-4a9c-b52c-982207ad2889,,,rewarded_video,admob,Bidding,KR,defaultrewardedvideo,,A,0.002226,,19b574ff5,2023-12-20,2023-12-29 17:44:07
2023-12-20 00:44:24,50ee9fdc-41da-408c-9ce2-a43c51ef9660,,,rewarded_video,admob,Bidding,PH,defaultrewardedvideo,,A,0.001668,,19b574ff5,2023-12-20,2023-12-29 17:44:07
2023-12-20 08:52:53,fce692f1-83d8-4470-80ad-e7d2898c583a,,,rewarded_video,admob,Bidding,KR,defaultrewardedvideo,,A,0.016008,,19b574ff5,2023-12-20,2023-12-29 17:44:07
2023-12-20 12:29:26,c1e67d06-0951-4cfd-80a1-4506bb34b45b,,,rewarded_video,admob,Bidding,PH,defaultrewardedvideo,,A,0.003113,,19b574ff5,2023-12-20,2023-12-29 17:44:07
2023-12-20 19:00:38,6417ad01-f930-40d7-beae-9f14e9d009d2,,,rewarded_video,admob,Bidding,PH,defaultrewardedvideo,,A,0.002561,,19b574ff5,2023-12-20,2023-12-29 17:44:07
2023-12-20 13:38:54,439ea6f1-206a-415e-8bbe-0daa502d74a1,,,rewarded_video,admob,Bidding,TH,defaultrewardedvideo,,A,0.002389,,19b574ff5,2023-12-20,2023-12-29 17:44:07
2023-12-20 12:50:41,c1e67d06-0951-4cfd-80a1-4506bb34b45b,,,rewarded_video,admob,Bidding,PH,defaultrewardedvideo,,A,0.001779,,19b574ff5,2023-12-20,2023-12-29 17:44:07
2023-12-20 22:01:14,74442be3-6f79-4a9c-b52c-982207ad2889,,,rewarded_video,admob,Bidding,KR,defaultrewardedvideo,,A,0.003325,,19b574ff5,2023-12-20,2023-12-29 17:44:07
2023-12-20 16:44:23,8c8d1aaf-b3f5-4dad-b4c0-2b5ee43121fd,,,rewarded_video,admob,Bidding,PH,defaultrewardedvideo,,A,0.005661,,19b574ff5,2023-12-20,2023-12-29 17:44:07
2023-12-20 22:20:20,74442be3-6f79-4a9c-b52c-982207ad2889,,,rewarded_video,admob,Bidding,KR,defaultrewardedvideo,,A,0.003369,,19b574ff5,2023-12-20,2023-12-29 17:44:07
2023-12-20 13:16:39,5479ebf6-d68e-4f67-a3c1-dbbca7373431,,,rewarded_video,admob,Bidding,KH,defaultrewardedvideo,,A,0.015194,,19b574ff5,2023-12-20,2023-12-29 17:44:07
2023-12-20 04:46:45,fd32b92f-2a2a-49f8-99e0-184c9e0535a7,,,rewarded_video,admob,Bidding,VN,defaultrewardedvideo,,A,0.000822,,19b574ff5,2023-12-20,2023-12-29 17:44:07
2023-12-20 16:42:53,8c8d1aaf-b3f5-4dad-b4c0-2b5ee43121fd,,,rewarded_video,admob,Bidding,PH,defaultrewardedvideo,,A,0.006932,,19b574ff5,2023-12-20,2023-12-29 17:44:07
2023-12-20 01:47:01,74442be3-6f79-4a9c-b52c-982207ad2889,,,rewarded_video,admob,Bidding,KR,defaultrewardedvideo,,A,0.00636,,19b574ff5,2023-12-20,2023-12-29 17:44:07
2023-12-20 07:09:29,2874dba6-46e7-4506-9a17-09b83c4aefd6,,,rewarded_video,admob,Bidding,PH,defaultrewardedvideo,,A,0.003773,,19b574ff5,2023-12-20,2023-12-29 17:44:07
2023-12-20 08:38:52,fce692f1-83d8-4470-80ad-e7d2898c583a,,,rewarded_video,admob,Bidding,KR,defaultrewardedvideo,,A,0.027414,,19b574ff5,2023-12-20,2023-12-29 17:44:07
2023-12-20 16:25:16,2424823b-c7ff-4c22-b421-3f80a1a2863a,,,rewarded_video,admob,Bidding,VN,defaultrewardedvideo,,A,0.001456,,19b574ff5,2023-12-20,2023-12-29 17:44:07
2023-12-20 12:55:19,cf7d4792-72f8-4564-97b2-7519af171b3a,,,rewarded_video,admob,Bidding,PH,defaultrewardedvideo,,A,0.001532,,19b574ff5,2023-12-20,2023-12-29 17:44:07
2023-12-20 19:03:44,b17d6ee1-ad0c-4265-b677-4ef635c9a85d,,,rewarded_video,IronSource,Bidding,PH,defaultrewardedvideo,,A,0.00321,,19b574ff5,2023-12-20,2023-12-29 17:44:07
2023-12-20 03:46:07,d362dd78-ef33-41c8-8674-773907a2feb5,,,rewarded_video,IronSource,Bidding,RU,defaultrewardedvideo,,A,0.00058,,19b574ff5,2023-12-20,2023-12-29 17:44:07
2023-12-20 01:46:52,5bbf6769-5676-4286-a524-f98d9f3d7ac2,,,rewarded_video,IronSource,Bidding,US,defaultrewardedvideo,,A,0.07656,,19b574ff5,2023-12-20,2023-12-29 17:44:07
2023-12-20 07:55:13,d362dd78-ef33-41c8-8674-773907a2feb5,,,rewarded_video,IronSource,Bidding,UA,defaultrewardedvideo,,A,0.00023,,19b574ff5,2023-12-20,2023-12-29 17:44:07
2023-12-20 02:34:08,b140ef3f-7772-4c75-9bba-917345fab43f,,,rewarded_video,IronSource,Bidding,TH,defaultrewardedvideo,,A,0.00217,,19b574ff5,2023-12-20,2023-12-29 17:44:07
2023-12-20 05:26:38,d362dd78-ef33-41c8-8674-773907a2feb5,,,rewarded_video,IronSource,Bidding,UA,defaultrewardedvideo,,A,0.000376,,19b574ff5,2023-12-20,2023-12-29 17:44:07
2023-12-20 23:50:53,9f6d3335-d8c1-49e6-a0d3-562f8e35ffdf,,,rewarded_video,IronSource,Bidding,ID,defaultrewardedvideo,,A,0.00128,,19b574ff5,2023-12-20,2023-12-29 17:44:07
2023-12-20 03:02:27,b140ef3f-7772-4c75-9bba-917345fab43f,,,rewarded_video,IronSource,Bidding,TH,defaultrewardedvideo,,A,0.00186,,19b574ff5,2023-12-20,2023-12-29 17:44:07
2023-12-20 03:17:21,eb6f4ff9-0118-4901-8eb8-292356748884,,,rewarded_video,IronSource,Bidding,PH,defaultrewardedvideo,,A,0.00177,,19b574ff5,2023-12-20,2023-12-29 17:44:07
2023-12-20 07:54:20,9be49b37-c928-43ea-9583-a5981fc70d0c,,,rewarded_video,IronSource,Bidding,VN,defaultrewardedvideo,,A,0.00203,,19b574ff5,2023-12-20,2023-12-29 17:44:07
2023-12-20 09:58:26,5434fda0-1222-4524-a9f5-f19e0e431d06,,,rewarded_video,IronSource,Bidding,VN,defaultrewardedvideo,,A,0.00026,,19b574ff5,2023-12-20,2023-12-29 17:44:07
2023-12-20 18:38:27,6417ad01-f930-40d7-beae-9f14e9d009d2,,,rewarded_video,IronSource,Bidding,PH,defaultrewardedvideo,,A,0.00144,,19b574ff5,2023-12-20,2023-12-29 17:44:07
2023-12-20 11:36:03,c95adfd8-2eb7-4eec-a4b2-2ccf1893aec3,,,rewarded_video,IronSource,Bidding,PH,defaultrewardedvideo,,A,0.002302,,19b574ff5,2023-12-20,2023-12-29 17:44:07
2023-12-20 20:43:27,d362dd78-ef33-41c8-8674-773907a2feb5,,,rewarded_video,IronSource,Bidding,RU,defaultrewardedvideo,,A,0.00041,,19b574ff5,2023-12-20,2023-12-29 17:44:07
2023-12-20 06:36:03,d362dd78-ef33-41c8-8674-773907a2feb5,,,rewarded_video,IronSource,Bidding,UA,defaultrewardedvideo,,A,0.000376,,19b574ff5,2023-12-20,2023-12-29 17:44:07
2023-12-20 05:27:02,d362dd78-ef33-41c8-8674-773907a2feb5,,,rewarded_video,IronSource,Bidding,UA,defaultrewardedvideo,,A,0.000376,,19b574ff5,2023-12-20,2023-12-29 17:44:07
2023-12-20 23:18:15,cf7d4792-72f8-4564-97b2-7519af171b3a,,,rewarded_video,IronSource,Bidding,PH,defaultrewardedvideo,,A,0.001793,,19b574ff5,2023-12-20,2023-12-29 17:44:07
2023-12-20 22:31:11,cf7d4792-72f8-4564-97b2-7519af171b3a,,,rewarded_video,IronSource,Bidding,PH,defaultrewardedvideo,,A,0.001845,,19b574ff5,2023-12-20,2023-12-29 17:44:07
2023-12-20 08:42:17,bbf8a5a8-9071-4109-84e3-6d262585ede3,,,rewarded_video,IronSource,Bidding,VN,defaultrewardedvideo,,A,0.001797,,19b574ff5,2023-12-20,2023-12-29 17:44:07
2023-12-20 23:53:19,986d10d4-99c8-49d9-a2af-2868ac294568,,,rewarded_video,IronSource,Bidding,PH,defaultrewardedvideo,,A,0.00248,,19b574ff5,2023-12-20,2023-12-29 17:44:07
2023-12-20 17:32:07,4e171ae6-6ccf-4511-b32e-0ca484dc9f87,,,rewarded_video,IronSource,Bidding,IN,defaultrewardedvideo,,A,0.00103,,19b574ff5,2023-12-20,2023-12-29 17:44:07
2023-12-20 12:09:11,f5e3634d-0f04-45b0-b2c8-b3a9239de2ab,,,rewarded_video,IronSource,Bidding,VN,defaultrewardedvideo,,A,0.00069,,19b574ff5,2023-12-20,2023-12-29 17:44:07
2023-12-20 20:05:58,b274b30d-a2c9-40b7-a30b-53f3ab4ba9b0,,,rewarded_video,IronSource,Bidding,VN,defaultrewardedvideo,,A,0.00149,,19b574ff5,2023-12-20,2023-12-29 17:44:07
2023-12-20 02:50:52,b140ef3f-7772-4c75-9bba-917345fab43f,,,rewarded_video,IronSource,Bidding,TH,defaultrewardedvideo,,A,0.00191,,19b574ff5,2023-12-20,2023-12-29 17:44:07
2023-12-20 01:44:42,5bbf6769-5676-4286-a524-f98d9f3d7ac2,,,rewarded_video,IronSource,Bidding,US,defaultrewardedvideo,,A,0.09892,,19b574ff5,2023-12-20,2023-12-29 17:44:07
2023-12-20 03:49:54,aa893a37-0aad-4e98-aaee-72e5a487bc79,,,rewarded_video,IronSource,Bidding,VN,defaultrewardedvideo,,A,0.00048,,19b574ff5,2023-12-20,2023-12-29 17:44:07
2023-12-20 04:31:00,fd32b92f-2a2a-49f8-99e0-184c9e0535a7,,,rewarded_video,IronSource,Bidding,VN,defaultrewardedvideo,,A,0.00056,,19b574ff5,2023-12-20,2023-12-29 17:44:07
2023-12-20 20:30:35,d362dd78-ef33-41c8-8674-773907a2feb5,,,rewarded_video,IronSource,Bidding,RU,defaultrewardedvideo,,A,0.00049,,19b574ff5,2023-12-20,2023-12-29 17:44:07
2023-12-20 15:18:20,bbf8a5a8-9071-4109-84e3-6d262585ede3,,,rewarded_video,IronSource,Bidding,VN,defaultrewardedvideo,,A,0.000815,,19b574ff5,2023-12-20,2023-12-29 17:44:07
2023-12-20 20:19:16,6417ad01-f930-40d7-beae-9f14e9d009d2,,,rewarded_video,IronSource,Bidding,PH,defaultrewardedvideo,,A,0.0016,,19b574ff5,2023-12-20,2023-12-29 17:44:07
2023-12-20 12:30:56,cbaff212-acbd-49e9-8570-f769ffbbd101,,,rewarded_video,IronSource,Bidding,VN,defaultrewardedvideo,,A,0.00049,,19b574ff5,2023-12-20,2023-12-29 17:44:07
2023-12-20 09:37:35,fce692f1-83d8-4470-80ad-e7d2898c583a,,,rewarded_video,IronSource,Bidding,KR,defaultrewardedvideo,,A,0.01157,,19b574ff5,2023-12-20,2023-12-29 17:44:07
2023-12-20 20:58:26,d362dd78-ef33-41c8-8674-773907a2feb5,,,rewarded_video,IronSource,Bidding,RU,defaultrewardedvideo,,A,0.00041,,19b574ff5,2023-12-20,2023-12-29 17:44:07
2023-12-20 03:00:39,b140ef3f-7772-4c75-9bba-917345fab43f,,,rewarded_video,IronSource,Bidding,TH,defaultrewardedvideo,,A,0.0015,,19b574ff5,2023-12-20,2023-12-29 17:44:07
2023-12-20 12:31:36,cbaff212-acbd-49e9-8570-f769ffbbd101,,,rewarded_video,IronSource,Bidding,VN,defaultrewardedvideo,,A,0.0002,,19b574ff5,2023-12-20,2023-12-29 17:44:07
2023-12-20 02:59:15,b140ef3f-7772-4c75-9bba-917345fab43f,,,rewarded_video,IronSource,Bidding,TH,defaultrewardedvideo,,A,0.0018,,19b574ff5,2023-12-20,2023-12-29 17:44:07
2023-12-20 09:10:39,bbf8a5a8-9071-4109-84e3-6d262585ede3,,,rewarded_video,IronSource,Bidding,VN,defaultrewardedvideo,,A,0.00096,,19b574ff5,2023-12-20,2023-12-29 17:44:07
2023-12-20 14:22:01,bbf8a5a8-9071-4109-84e3-6d262585ede3,,,rewarded_video,IronSource,Bidding,VN,defaultrewardedvideo,,A,0.0011,,19b574ff5,2023-12-20,2023-12-29 17:44:07
2023-12-20 00:03:09,2fab88aa-37e7-482b-aeff-047fad8266ec,,,rewarded_video,IronSource,Bidding,KR,defaultrewardedvideo,,A,0.00315,,19b574ff5,2023-12-20,2023-12-29 17:44:07
2023-12-20 12:44:26,8cb02e80-c79c-4aa2-8992-edae001641ed,,,rewarded_video,IronSource,Bidding,PH,defaultrewardedvideo,,A,0.00188,,19b574ff5,2023-12-20,2023-12-29 17:44:07
2023-12-20 03:26:00,2fab88aa-37e7-482b-aeff-047fad8266ec,,,rewarded_video,IronSource,Bidding,KR,defaultrewardedvideo,,A,0.00262,,19b574ff5,2023-12-20,2023-12-29 17:44:07
2023-12-20 14:43:25,bbf8a5a8-9071-4109-84e3-6d262585ede3,,,rewarded_video,IronSource,Bidding,VN,defaultrewardedvideo,,A,0.00084,,19b574ff5,2023-12-20,2023-12-29 17:44:07
2023-12-20 08:48:26,bbf8a5a8-9071-4109-84e3-6d262585ede3,,,rewarded_video,IronSource,Bidding,VN,defaultrewardedvideo,,A,0.00186,,19b574ff5,2023-12-20,2023-12-29 17:44:07
2023-12-20 10:42:22,257fff30-1ccd-4234-9ebc-eb0dbf1f706c,,,rewarded_video,IronSource,Bidding,KR,defaultrewardedvideo,,A,0.001908,,19b574ff5,2023-12-20,2023-12-29 17:44:07
2023-12-20 11:11:00,257fff30-1ccd-4234-9ebc-eb0dbf1f706c,,,rewarded_video,IronSource,Bidding,KR,defaultrewardedvideo,,A,0.0018,,19b574ff5,2023-12-20,2023-12-29 17:44:07
2023-12-20 12:15:18,00000000-0000-0000-0000-000000000000,,,rewarded_video,IronSource,Bidding,PH,defaultrewardedvideo,,A,0.000529,,19b574ff5,2023-12-20,2023-12-29 17:44:07
2023-12-20 13:53:56,e098f21d-f652-4770-80a7-73b7bd43966a,,,rewarded_video,IronSource,Bidding,VN,defaultrewardedvideo,,A,0.00263,,19b574ff5,2023-12-20,2023-12-29 17:44:07
2023-12-20 07:32:39,af60e222-77d1-4c05-8368-533f7e339690,,,rewarded_video,IronSource,Bidding,ID,defaultrewardedvideo,,A,0.000475,,19b574ff5,2023-12-20,2023-12-29 17:44:07
2023-12-20 05:55:34,117a43fd-6199-45e3-8515-ea90d00c748b,,,rewarded_video,IronSource,Bidding,US,defaultrewardedvideo,,A,0.05466,,19b574ff5,2023-12-20,2023-12-29 17:44:07
2023-12-20 10:41:38,257fff30-1ccd-4234-9ebc-eb0dbf1f706c,,,rewarded_video,IronSource,Bidding,KR,defaultrewardedvideo,,A,0.002204,,19b574ff5,2023-12-20,2023-12-29 17:44:07
2023-12-20 10:37:42,257fff30-1ccd-4234-9ebc-eb0dbf1f706c,,,rewarded_video,IronSource,Bidding,KR,defaultrewardedvideo,,A,0.00181,,19b574ff5,2023-12-20,2023-12-29 17:44:07
2023-12-20 14:54:41,bbf8a5a8-9071-4109-84e3-6d262585ede3,,,rewarded_video,IronSource,Bidding,VN,defaultrewardedvideo,,A,0.00088,,19b574ff5,2023-12-20,2023-12-29 17:44:07
2023-12-20 15:59:31,bbf8a5a8-9071-4109-84e3-6d262585ede3,,,rewarded_video,IronSource,Bidding,VN,defaultrewardedvideo,,A,0.000759,,19b574ff5,2023-12-20,2023-12-29 17:44:07
2023-12-20 08:56:36,bbf8a5a8-9071-4109-84e3-6d262585ede3,,,rewarded_video,IronSource,Bidding,VN,defaultrewardedvideo,,A,0.0011,,19b574ff5,2023-12-20,2023-12-29 17:44:07
2023-12-20 04:35:46,a5407881-1cef-4ba8-80e2-ca19f666708e,,,rewarded_video,IronSource,Bidding,TW,defaultrewardedvideo,,A,0.00271,,19b574ff5,2023-12-20,2023-12-29 17:44:07
2023-12-20 04:19:42,a5407881-1cef-4ba8-80e2-ca19f666708e,,,rewarded_video,IronSource,Bidding,TW,defaultrewardedvideo,,A,0.00935,,19b574ff5,2023-12-20,2023-12-29 17:44:07
2023-12-20 14:15:13,bbf8a5a8-9071-4109-84e3-6d262585ede3,,,rewarded_video,IronSource,Bidding,VN,defaultrewardedvideo,,A,0.001066,,19b574ff5,2023-12-20,2023-12-29 17:44:07
2023-12-20 13:30:41,bbf8a5a8-9071-4109-84e3-6d262585ede3,,,rewarded_video,IronSource,Bidding,VN,defaultrewardedvideo,,A,0.00096,,19b574ff5,2023-12-20,2023-12-29 17:44:07
2023-12-20 10:38:36,257fff30-1ccd-4234-9ebc-eb0dbf1f706c,,,rewarded_video,IronSource,Bidding,KR,defaultrewardedvideo,,A,0.002472,,19b574ff5,2023-12-20,2023-12-29 17:44:07
2023-12-20 19:51:07,b140ef3f-7772-4c75-9bba-917345fab43f,,,rewarded_video,IronSource,Bidding,TH,defaultrewardedvideo,,A,0.0018,,19b574ff5,2023-12-20,2023-12-29 17:44:07
2023-12-20 15:24:58,5479ebf6-d68e-4f67-a3c1-dbbca7373431,,,rewarded_video,Meta,Bidding,KH,defaultrewardedvideo,,A,0.0,ARH80NGu3kcOMCgCXW8vFyneyXP-8G3jQKOfVgvv78FlRW672m3_t1IDh1StyD5br2h5jIgUbQG8EOHDKxzRKB55ZXKslJ_5mSEkt4abpPV5rJKGiQ,19b574ff5,2023-12-20,2023-12-29 17:44:07
2023-12-20 13:18:01,5479ebf6-d68e-4f67-a3c1-dbbca7373431,,,rewarded_video,Meta,Bidding,KH,defaultrewardedvideo,,A,0.0,ARGeMgX24U7VfigwgkdIzHclLcIvaR6EWgIDFG7J5RV25KbsYEbJm41enBac38kBwqFLNac5ke0jufcuDmcBHMwgK6wRZ7_RYynCKFqF,19b574ff5,2023-12-20,2023-12-29 17:44:07
